id,richness,links,connectance
19,1382,10106,0.005291310020712866
12,101,150,0.014704440741103813
13,54,92,0.03155006858710562
