id,richness,links,connectance
19,1327,9334,0.005300611211468492
12,101,150,0.014704440741103813
13,54,92,0.03155006858710562
18,29,38,0.04518430439952437
15,280,950,0.01211734693877551
3259,20,50,0.125
908,43,63,0.03407247160627366
23,19,20,0.055401662049861494
909,100,192,0.0192
946,96,343,0.03721788194444445
